Exam_Score,Attendance_%,Assignment_Submission_Rate_%,Study_Hours_Per_Day,Previous_CGPA,Extracurricular_Activities,Performance_Tier
86,62,63,4.0,5.0,1,Average
49,100,59,2.8,5.1,0,Slow
95,72,95,3.4,6.3,1,Fast
55,54,69,4.7,6.4,0,Slow
58,48,59,4.5,9.2,0,Average
37,65,54,3.9,7.1,0,Slow
56,72,73,3.7,8.3,0,Average
87,89,62,3.2,4.6,0,Average
36,87,58,5.6,5.4,0,Slow
64,74,42,6.0,8.2,1,Average
72,68,89,5.0,4.3,1,Average
36,80,67,1.8,6.9,1,Slow
98,48,48,3.1,7.6,0,Fast
94,100,64,3.8,7.6,0,Fast
55,84,80,2.1,4.1,0,Slow
67,88,70,3.6,5.9,1,Average
92,58,73,3.5,7.8,1,Fast
56,94,70,5.1,4.9,1,Slow
83,68,44,2.8,8.2,0,Fast
93,60,88,5.2,8.5,0,Fast
76,74,35,2.1,9.9,0,Fast
94,74,79,2.3,5.3,1,Average
49,58,82,2.9,9.0,0,Average
96,61,65,3.6,7.1,0,Fast
96,60,77,0.5,6.2,0,Fast
81,60,64,4.2,4.7,0,Average
96,69,77,6.1,8.4,1,Fast
85,54,89,4.5,5.4,1,Average
89,64,54,3.2,6.2,0,Average
98,90,83,1.9,4.4,0,Average
37,87,100,0.8,8.8,1,Slow
85,59,75,1.0,8.6,1,Fast
41,89,59,3.3,8.4,0,Slow
55,45,100,6.7,5.8,1,Slow
73,100,71,0.5,5.0,1,Average
52,94,74,4.6,7.8,0,Average
38,66,75,2.5,7.0,1,Slow
94,80,78,3.0,5.1,1,Average
48,53,63,2.1,8.1,1,Average
43,75,73,1.4,9.9,1,Average
87,72,89,3.7,8.5,0,Fast
36,62,62,3.9,8.4,1,Slow
94,67,61,4.5,9.7,1,Fast
78,66,64,1.0,5.2,0,Average
42,58,48,4.8,7.4,1,Slow
81,62,56,4.8,9.9,0,Fast
69,53,55,4.1,5.0,0,Average
70,87,69,2.9,8.2,1,Average
84,61,86,4.0,7.5,1,Fast
38,56,99,3.3,7.5,1,Slow
36,87,71,5.0,8.2,1,Slow
40,80,79,3.0,9.6,1,Average
88,87,74,3.7,8.7,0,Fast
38,88,28,0.9,4.3,1,Slow
88,100,47,4.0,9.1,0,Fast
97,72,85,2.4,5.4,1,Average
52,53,87,4.3,6.3,0,Slow
78,79,86,4.7,6.8,1,Average
68,64,66,2.6,6.9,1,Average
96,60,30,3.5,6.6,1,Fast
48,76,49,3.8,9.6,1,Average
82,87,52,4.1,8.2,1,Fast
49,62,82,4.7,7.8,0,Average
96,94,62,4.5,4.3,1,Average
74,60,100,2.9,9.4,1,Fast
87,71,99,5.9,9.5,1,Fast
58,80,100,4.6,8.7,0,Average
60,69,51,5.6,4.0,1,Slow
94,48,79,4.0,4.3,0,Average
75,88,60,4.1,5.4,1,Average
63,65,76,3.3,4.8,0,Slow
49,86,53,2.8,6.4,1,Slow
79,56,94,5.0,9.5,1,Fast
99,58,54,3.9,6.8,0,Fast
43,87,31,3.3,4.1,1,Slow
35,80,100,2.0,5.7,0,Slow
42,68,78,5.8,4.3,1,Slow
97,80,48,3.7,4.2,1,Average
45,60,66,1.7,5.7,0,Slow
42,76,58,3.6,5.7,1,Slow
69,76,70,3.2,8.7,0,Average
69,69,86,3.1,9.8,0,Fast
67,62,82,4.4,6.2,1,Average
39,76,75,3.2,6.6,1,Slow
75,74,70,3.0,9.1,1,Fast
62,68,91,5.5,5.6,0,Slow
41,59,31,0.9,4.9,0,Slow
46,75,55,3.4,9.1,1,Average
68,68,50,4.9,4.3,0,Slow
67,59,90,4.4,7.7,0,Average
82,75,55,5.0,7.4,0,Average
57,99,44,6.5,6.1,0,Slow
96,69,80,6.0,5.9,1,Fast
71,97,51,1.8,8.6,1,Average
78,100,62,1.1,4.5,1,Average
69,60,100,4.0,5.4,0,Average
99,75,85,1.5,8.4,0,Fast
81,100,65,0.6,7.3,0,Average
37,73,67,4.0,4.8,0,Slow
35,75,88,4.4,9.3,1,Slow
39,49,83,6.1,6.4,0,Slow
48,67,71,4.7,9.0,0,Average
61,83,72,6.4,8.7,1,Average
43,100,40,4.0,7.7,1,Slow
49,72,36,1.8,7.0,1,Slow
76,50,66,4.7,9.9,0,Fast
85,53,57,5.5,4.9,0,Average
97,74,81,4.1,8.4,0,Fast
86,92,73,5.7,5.1,0,Average
38,84,54,3.3,6.0,0,Slow
57,81,73,4.3,5.9,0,Slow
49,94,61,3.2,9.7,1,Average
77,64,100,7.1,9.8,0,Fast
63,75,77,4.8,5.1,1,Slow
70,67,38,1.8,4.1,1,Slow
47,70,100,6.3,8.3,1,Average
66,59,57,2.4,6.5,0,Average
93,69,50,3.5,4.5,0,Average
62,74,100,4.2,8.1,1,Average
76,69,76,4.3,7.3,0,Average
79,72,84,4.2,9.9,0,Fast
96,81,84,1.8,5.4,1,Average
91,93,65,4.2,6.4,0,Fast
40,94,58,5.2,7.3,0,Slow
62,86,61,5.1,8.8,0,Average
62,56,100,1.5,7.3,0,Average
78,69,74,2.5,7.7,1,Average
64,70,96,1.9,5.4,1,Slow
96,65,68,4.0,9.1,0,Fast
96,80,54,1.2,6.6,0,Fast
35,51,41,1.8,4.8,0,Slow
61,100,82,2.5,8.0,1,Average
96,92,100,0.8,5.3,0,Average
37,82,52,3.5,4.6,0,Slow
61,74,80,0.5,9.2,1,Average
43,93,42,4.2,6.8,0,Slow
96,85,58,2.9,8.5,1,Fast
71,91,75,2.6,5.7,0,Average
85,74,35,2.8,8.7,1,Fast
78,100,69,3.4,4.7,0,Average
58,92,53,4.4,6.1,0,Slow
93,82,82,5.5,9.9,1,Fast
66,93,66,5.0,8.8,1,Average
86,68,88,6.8,7.0,1,Average
96,57,64,4.5,6.0,1,Fast
92,79,42,3.7,9.2,1,Fast
86,74,40,2.8,7.3,0,Fast
46,72,31,2.9,8.6,1,Average
73,93,82,4.3,8.5,1,Average
36,77,100,2.0,4.1,1,Slow
37,78,78,3.8,4.8,1,Slow
90,70,100,3.5,8.0,0,Fast
93,88,92,2.4,5.0,0,Average
36,85,59,1.9,5.5,0,Slow
36,88,95,7.3,9.7,0,Average
88,67,60,1.4,7.4,0,Fast
35,94,60,3.4,8.5,1,Slow
53,100,65,5.3,7.3,0,Average
36,87,66,4.3,7.3,0,Slow
87,62,83,2.8,4.6,1,Average
78,62,56,1.7,6.1,1,Average
66,69,87,3.7,5.7,0,Average
66,66,87,0.5,6.3,0,Average
89,73,76,3.8,8.8,1,Fast
90,84,100,3.6,6.2,0,Average
51,79,95,5.1,6.7,1,Slow
72,78,91,1.8,6.4,1,Average
58,71,71,3.0,4.6,0,Slow
45,73,77,4.2,6.6,0,Slow
50,86,80,3.8,5.2,0,Slow
93,44,70,1.5,5.1,1,Average
37,74,62,2.5,4.6,1,Slow
54,79,21,5.6,6.1,0,Slow
93,86,84,3.9,8.5,0,Fast
70,59,90,1.0,5.7,0,Average
53,59,46,4.8,5.9,1,Slow
53,83,82,1.1,7.9,1,Average
54,46,58,3.0,5.2,1,Slow
86,94,62,4.3,9.4,0,Fast
67,78,96,5.3,7.1,1,Average
74,98,50,0.5,6.7,1,Average
73,58,50,4.6,7.3,0,Average
35,68,100,4.8,5.0,1,Slow
45,38,67,2.7,7.7,0,Slow
91,63,94,3.6,6.2,1,Average
84,72,38,0.5,9.4,0,Fast
57,45,39,0.5,5.0,0,Slow
65,69,51,5.2,7.0,1,Average
76,45,60,2.7,7.6,0,Average
41,71,41,3.0,4.2,1,Slow
50,92,77,3.9,6.2,0,Slow
94,74,78,3.0,8.4,0,Fast
36,99,52,2.8,8.9,0,Slow
35,86,53,4.1,5.9,1,Slow
82,95,56,1.3,8.8,0,Fast
46,63,46,5.2,9.8,0,Average
71,63,20,3.2,9.1,1,Average
66,80,68,2.0,4.7,0,Slow
43,51,61,1.8,8.4,0,Slow
53,82,63,3.6,5.9,0,Slow
82,70,49,3.0,9.9,0,Fast
37,94,86,1.2,6.9,1,Slow
54,85,100,2.6,4.7,0,Slow
58,91,53,2.3,8.4,0,Average
88,63,97,5.4,5.9,1,Average
67,90,77,3.7,10.0,0,Fast
58,96,70,5.9,9.9,0,Average
70,74,63,2.4,7.9,1,Average
72,63,68,3.1,4.8,1,Average
59,64,92,4.1,8.1,1,Average
52,93,47,4.4,4.6,1,Slow
88,100,64,4.6,4.2,0,Average
69,60,94,2.2,8.9,1,Average
95,59,89,2.2,5.3,0,Average
75,88,47,3.0,6.3,1,Average
67,63,66,5.7,9.8,0,Average
67,90,84,2.0,6.0,1,Average
48,81,83,2.7,5.8,1,Slow
55,74,89,4.6,9.5,0,Average
82,81,77,4.5,4.7,1,Average
54,80,81,4.3,8.6,1,Average
42,72,76,3.6,9.9,1,Average
41,48,100,1.9,9.4,0,Average
51,77,61,2.5,7.9,1,Average
67,98,70,5.2,5.9,1,Average
82,50,49,4.7,5.5,0,Average
93,60,45,1.5,8.9,0,Fast
56,81,76,4.8,9.3,1,Average
64,75,55,5.5,7.2,0,Average
72,81,68,3.6,5.5,0,Average
85,64,100,4.1,4.7,0,Average
88,92,100,5.0,4.5,1,Average
42,75,100,2.5,8.3,1,Slow
61,85,100,7.0,6.5,0,Average
61,79,100,5.3,9.4,1,Average
55,77,78,4.3,8.4,0,Average
64,84,51,3.4,5.1,1,Slow
62,77,49,4.2,7.7,0,Average
98,57,97,1.2,6.6,1,Fast
95,91,71,6.6,7.5,0,Fast
82,87,72,5.2,8.4,1,Fast
53,43,59,5.7,8.8,1,Average
38,65,61,3.5,9.1,0,Slow
69,90,77,3.0,5.5,1,Average
98,47,48,2.5,4.2,1,Average
83,89,75,4.7,8.4,1,Fast
51,72,100,2.7,4.6,1,Slow
78,95,27,3.2,5.9,1,Average
64,74,39,4.3,4.0,1,Slow
80,64,83,2.5,8.1,1,Fast
40,79,97,5.1,5.0,1,Slow
71,74,60,3.5,7.9,0,Average
58,62,30,1.2,10.0,1,Average
80,100,98,2.5,4.4,0,Average
87,60,53,5.5,4.5,1,Average
94,41,62,2.1,6.0,0,Fast
97,98,76,4.8,9.2,1,Fast
66,66,56,3.7,5.3,0,Average
67,70,52,3.2,6.2,0,Average
52,69,52,7.3,4.4,1,Slow
59,66,100,1.6,8.6,0,Average
88,63,93,2.4,6.4,1,Average
92,60,81,3.5,8.6,1,Fast
80,75,26,7.1,9.4,0,Fast
58,68,81,3.5,5.4,1,Slow
66,85,80,3.9,8.8,0,Average
81,82,44,3.0,4.4,0,Average
57,61,75,4.0,9.4,1,Average
61,76,91,3.1,7.9,1,Average
36,68,81,4.5,9.2,1,Slow
51,60,56,4.7,4.0,1,Slow
67,85,70,3.1,5.0,1,Average
43,73,84,1.8,6.3,0,Slow
77,68,71,3.6,6.3,0,Average
82,62,95,5.6,5.4,1,Average
73,59,77,2.3,6.3,1,Average
76,100,85,4.0,4.8,1,Average
60,80,86,1.7,6.5,0,Average
84,58,48,1.9,8.8,0,Fast
59,79,70,5.5,6.9,0,Average
58,90,63,4.5,4.1,1,Slow
47,77,90,4.0,6.5,1,Slow
94,95,79,0.5,4.2,0,Average
41,51,66,2.7,9.8,1,Average
91,45,44,4.4,4.8,1,Average
70,78,38,1.3,8.2,0,Average
79,79,76,3.0,9.8,0,Fast
54,30,55,4.6,9.0,1,Average
99,65,83,1.2,8.2,0,Fast
42,59,37,1.0,9.0,1,Average
50,54,100,1.3,9.9,0,Average
48,59,83,4.0,7.7,0,Slow
49,83,71,2.7,7.4,1,Slow
66,59,100,4.8,7.8,1,Average
97,60,88,3.7,7.2,0,Fast
85,50,60,6.3,7.8,1,Fast
59,94,71,1.6,6.7,0,Average
92,81,30,4.0,5.3,1,Average
97,37,91,2.3,4.7,0,Average
96,60,64,4.4,4.4,0,Average
56,82,30,3.7,5.6,0,Slow
92,94,46,2.0,4.3,1,Average
92,87,87,3.3,7.4,0,Fast
83,69,100,3.6,5.7,0,Average
86,46,70,2.6,8.9,0,Fast
76,88,50,4.6,4.4,0,Average
49,70,41,2.0,5.4,1,Slow
88,76,98,6.6,8.4,1,Fast
94,72,78,4.9,7.6,0,Fast
42,54,63,4.0,4.4,0,Slow
87,80,58,7.8,9.3,1,Fast
94,78,83,3.0,9.3,0,Fast
39,68,82,4.4,6.0,1,Slow
40,82,52,3.8,6.0,0,Slow
81,54,47,4.7,9.9,1,Fast
89,70,48,5.7,7.8,0,Fast
74,75,60,4.3,7.2,1,Average
86,48,56,5.1,9.0,1,Fast
50,74,100,2.7,5.7,1,Slow
47,86,59,3.2,6.6,0,Slow
64,70,45,6.0,5.6,1,Average
53,74,46,4.4,8.7,1,Average
51,83,66,3.9,7.4,0,Average
97,69,33,2.4,8.0,0,Fast
53,70,68,4.9,5.5,0,Slow
92,57,43,2.3,5.3,0,Average
89,74,93,1.9,6.9,1,Fast
96,69,72,3.7,8.4,0,Fast
57,82,100,0.5,7.2,0,Average
43,83,65,4.4,4.2,0,Slow
46,86,20,4.1,9.2,0,Average
35,67,99,3.0,4.4,0,Slow
92,42,80,3.1,9.7,0,Fast
35,86,83,3.3,4.2,0,Slow
68,81,49,2.3,8.2,1,Average
82,65,69,3.8,4.5,1,Average
35,83,73,3.1,9.5,1,Slow
50,53,65,3.7,6.8,1,Slow
95,90,35,3.3,4.8,1,Average
98,69,100,3.0,6.0,0,Fast
97,62,86,3.9,5.0,0,Average
56,65,78,4.7,5.0,0,Slow
60,71,96,2.7,9.7,0,Average
50,74,82,4.1,6.7,1,Slow
85,75,56,4.3,8.7,1,Fast
91,68,94,1.6,7.8,0,Fast
63,78,87,5.0,8.1,0,Average
81,75,57,6.6,4.8,1,Average
96,65,85,3.4,5.4,1,Average
50,63,65,3.2,8.7,1,Average
82,84,74,3.2,9.8,0,Fast
73,82,81,4.4,5.6,0,Average
67,75,97,4.3,5.6,1,Average
57,88,57,1.1,6.8,1,Average
44,45,77,2.2,9.9,0,Average
68,66,100,4.3,5.6,0,Average
86,57,66,3.3,6.4,0,Average
44,100,73,1.8,9.3,0,Average
53,85,100,5.8,4.0,1,Slow
92,73,82,2.3,4.2,1,Average
35,86,40,3.6,7.6,1,Slow
38,91,54,3.2,9.4,0,Average
50,91,83,1.9,5.4,0,Slow
58,88,78,3.8,6.8,0,Average
36,71,73,4.1,6.7,1,Slow
66,67,100,2.8,6.8,1,Average
58,60,57,3.0,7.7,1,Average
46,82,68,4.4,6.8,0,Slow
84,72,30,0.5,6.7,0,Average
69,68,93,2.2,6.8,1,Average
67,67,54,3.8,7.5,0,Average
67,96,91,2.7,7.2,1,Average
95,89,89,2.7,9.1,1,Fast
85,100,100,4.9,4.3,1,Average
77,82,82,2.6,9.0,1,Fast
46,75,62,6.5,9.1,0,Average
99,74,79,0.9,5.7,0,Fast
67,59,54,0.5,6.8,0,Average
74,56,76,4.8,6.6,0,Average
77,82,65,2.0,5.3,0,Average
78,60,68,2.0,6.4,0,Average
63,78,52,5.0,4.3,1,Slow
47,91,76,2.8,5.7,0,Slow
46,65,86,4.9,8.9,0,Average
80,100,36,2.6,5.7,0,Average
36,60,56,4.0,8.9,1,Slow
69,89,73,2.7,7.2,0,Average
42,81,23,2.1,9.3,1,Average
60,92,100,6.1,7.4,0,Average
68,58,55,5.2,4.2,0,Slow
41,100,51,2.4,8.1,0,Slow
92,72,65,3.2,4.3,1,Average
63,85,72,5.7,6.7,1,Average
70,96,54,2.0,9.6,0,Fast
55,65,89,2.1,5.0,0,Slow
70,87,77,4.2,6.3,0,Average
44,63,53,6.9,8.4,1,Slow
58,95,59,3.6,9.3,1,Average
98,63,39,5.1,8.0,0,Fast
83,75,44,2.0,5.5,1,Average
70,79,77,4.0,8.0,1,Average
58,86,53,3.0,5.8,1,Slow
57,100,100,6.3,8.3,1,Average
96,68,71,5.9,9.7,0,Fast
71,92,42,6.9,8.3,0,Average
46,100,47,2.5,9.2,1,Average
89,77,91,3.6,4.0,1,Average
47,66,68,4.1,8.3,1,Average
57,49,89,2.5,9.0,0,Average
64,100,62,3.7,4.2,0,Slow
51,71,58,4.9,9.2,1,Average
96,59,92,2.7,5.5,1,Average
47,54,52,2.4,8.0,1,Average
93,59,79,2.3,8.8,1,Fast
53,88,65,1.5,8.0,0,Average
83,90,87,4.8,4.6,0,Average
46,84,100,2.4,7.6,0,Slow
95,76,62,2.3,7.3,0,Fast
53,56,59,4.3,9.4,0,Average
43,64,83,3.5,6.4,0,Slow
62,58,48,2.7,5.9,1,Average
86,83,100,4.7,8.5,1,Fast
50,59,98,2.7,6.5,0,Slow
46,64,50,0.5,7.9,0,Slow
59,72,38,5.5,7.9,0,Average
86,49,46,2.3,9.3,1,Fast
87,75,47,2.4,7.6,1,Fast
57,73,86,2.4,7.0,1,Average
50,92,100,3.6,4.8,1,Slow
91,62,85,3.1,4.7,0,Average
73,55,65,5.0,4.9,1,Average
87,69,76,6.0,5.0,0,Average
76,58,52,2.5,7.8,1,Average
92,75,91,2.1,8.4,1,Fast
73,47,78,2.7,7.2,1,Average
48,65,85,4.2,9.0,1,Average
39,61,55,3.3,9.9,0,Average
69,83,66,2.7,8.9,0,Average
52,62,84,1.6,8.2,0,Average
43,48,98,0.5,7.2,0,Slow
92,71,57,2.0,6.7,0,Fast
51,79,85,5.4,4.5,0,Slow
41,70,55,4.2,6.4,0,Slow
80,65,100,3.2,9.5,1,Fast
47,64,61,4.6,8.8,0,Average
74,76,82,1.6,5.3,1,Average
76,61,73,3.6,6.8,0,Average
43,70,100,0.8,8.9,1,Average
84,86,74,4.0,4.4,0,Average
61,55,59,3.9,6.3,1,Average
39,74,82,3.9,9.1,0,Slow
63,48,82,5.3,6.4,0,Average
71,78,66,4.7,4.5,0,Average
72,60,48,1.7,7.3,0,Average
42,90,59,5.3,9.2,1,Average
99,52,87,3.2,7.5,0,Fast
51,81,35,0.5,5.4,0,Slow
79,93,65,3.3,6.3,1,Average
38,59,89,4.5,6.7,0,Slow
70,62,68,2.0,7.5,1,Average
65,60,100,5.5,8.6,1,Average
53,67,35,2.1,4.6,0,Slow
95,82,50,2.8,9.3,0,Fast
88,66,23,2.5,4.1,1,Average
73,58,100,0.9,6.2,0,Average
53,44,51,2.0,4.2,1,Slow
73,99,30,2.4,6.4,0,Average
79,100,57,3.3,7.2,0,Average
47,83,42,0.5,7.1,1,Slow
92,62,57,4.6,5.0,0,Average
54,86,70,4.6,7.9,0,Average
95,89,86,5.3,4.3,0,Average
73,71,66,1.3,8.6,1,Average
35,75,70,3.1,9.7,0,Slow
37,93,58,4.9,6.0,1,Slow
96,50,39,5.0,7.1,0,Fast
97,89,33,5.7,6.3,1,Fast
59,70,62,3.7,4.0,0,Slow
90,58,71,3.4,6.3,0,Average
67,59,61,1.2,8.8,1,Average
72,62,33,5.1,7.6,0,Average
40,56,74,2.8,4.6,1,Slow
92,100,100,3.6,9.1,0,Fast
78,82,67,3.5,7.2,1,Average
79,90,58,0.5,9.1,0,Fast
66,83,68,2.3,7.5,1,Average
79,75,47,4.2,7.4,0,Average
95,76,46,3.4,4.6,1,Average
81,69,79,4.2,5.0,1,Average
55,70,89,4.7,9.8,0,Average
70,53,67,2.3,5.4,1,Average
53,91,30,2.7,9.9,1,Average
54,47,77,3.3,7.2,0,Average
91,59,100,4.7,4.8,0,Average
52,100,65,3.1,4.6,0,Slow
81,77,66,0.8,5.3,0,Average
83,77,52,3.2,9.6,0,Fast
48,84,79,4.6,6.5,0,Slow
49,51,56,5.5,6.4,1,Slow
65,54,90,3.9,5.9,1,Average
35,68,56,1.3,4.9,1,Slow
88,61,76,2.9,6.9,0,Fast
37,73,69,4.2,4.8,0,Slow
50,82,100,4.8,9.0,1,Average
91,95,78,4.3,6.2,1,Average
46,87,97,3.1,6.2,0,Slow
50,60,72,4.8,6.8,1,Slow
58,69,66,2.5,6.7,0,Average
62,65,69,3.8,10.0,0,Average
42,59,54,4.6,7.3,1,Slow
70,56,80,4.4,4.5,0,Average
42,99,56,4.4,7.6,0,Slow
92,75,72,4.4,4.9,0,Average
94,71,87,1.9,4.2,0,Average
84,82,100,3.5,9.8,1,Fast
62,83,73,2.1,8.6,0,Average
75,91,87,3.1,9.9,0,Fast
98,63,84,1.7,6.9,1,Fast
61,81,62,4.0,7.2,0,Average
97,61,100,0.6,5.0,0,Average
51,72,58,4.4,5.5,1,Slow
67,75,71,3.5,9.0,1,Average
63,77,99,6.4,6.1,0,Average
47,76,98,3.2,9.0,0,Average
80,87,70,3.2,8.3,1,Fast
69,66,89,4.5,5.1,0,Average
40,77,65,3.3,7.0,0,Slow
81,63,60,3.9,8.1,0,Fast
59,100,45,5.0,5.4,1,Slow
44,61,84,3.1,9.0,0,Average
90,64,86,5.3,7.3,1,Fast
64,88,58,1.0,5.0,1,Slow
39,68,75,5.9,7.5,1,Slow
67,88,100,0.8,10.0,1,Fast
99,77,92,5.5,4.9,0,Average
52,68,51,0.7,8.9,1,Average
83,63,90,6.5,5.2,0,Average
45,63,52,3.7,8.7,1,Average
60,69,20,2.1,8.4,1,Average
97,72,69,6.3,5.8,0,Fast
93,62,100,1.9,6.0,1,Average
61,73,97,3.2,8.8,1,Average
83,58,77,7.4,6.8,0,Average
67,86,59,4.1,8.4,1,Average
35,89,79,0.5,4.9,1,Slow
55,64,64,3.1,9.1,1,Average
89,63,59,3.0,8.3,0,Fast
40,77,91,3.8,9.4,1,Average
39,93,59,3.4,4.8,0,Slow
37,97,92,4.3,7.6,0,Slow
87,53,58,1.2,7.6,0,Fast
57,90,100,2.7,6.1,1,Slow
87,74,37,4.0,6.8,1,Average
71,74,50,2.4,4.2,1,Slow
51,82,66,5.1,8.5,1,Average
35,67,30,2.4,7.3,0,Slow
85,91,20,3.7,4.3,0,Average
79,96,30,3.3,8.1,1,Average
38,96,64,2.0,6.8,1,Slow
96,47,64,3.6,4.2,0,Average
99,71,76,1.5,9.8,1,Fast
66,45,66,2.8,9.7,1,Average
68,63,75,3.5,7.1,1,Average
73,39,60,1.4,4.6,1,Average
60,81,84,4.4,8.5,1,Average
68,78,81,3.9,7.0,1,Average
88,68,63,4.3,5.8,0,Average
37,63,80,3.5,6.9,0,Slow
84,79,66,1.8,7.1,0,Average
46,59,39,3.5,7.4,0,Slow
99,58,88,4.4,6.6,1,Fast
88,56,51,1.7,7.6,1,Fast
39,71,87,1.8,9.5,0,Average
91,66,76,3.1,6.2,0,Average
51,69,68,2.9,8.4,0,Average
81,82,32,3.5,9.4,0,Fast
57,89,100,3.1,6.7,0,Average
48,96,62,3.7,6.7,1,Slow
85,75,82,5.3,7.6,1,Fast
72,80,67,4.3,7.5,0,Average
98,77,64,3.6,8.8,0,Fast
72,49,73,1.8,6.9,1,Average
84,69,70,2.4,10.0,1,Fast
64,69,64,4.8,4.4,1,Slow
85,67,68,2.8,4.0,0,Average
97,74,78,2.0,7.8,1,Fast
86,71,79,6.6,5.8,0,Average
72,60,70,5.8,5.4,0,Average
64,72,82,3.3,5.9,1,Average
85,65,61,1.9,5.5,1,Average
39,35,100,4.6,4.2,1,Slow
63,54,99,2.8,9.8,0,Average
38,76,85,4.8,5.3,1,Slow
44,91,31,2.8,8.4,1,Average
90,38,82,6.0,8.6,0,Fast
51,61,63,2.7,9.6,1,Average
51,81,50,7.0,4.2,1,Slow
68,88,62,3.8,9.2,0,Average
40,68,52,5.6,7.2,0,Slow
87,64,80,2.7,7.8,0,Fast
77,93,100,1.5,7.9,0,Average
57,86,86,0.5,8.9,0,Average
89,87,100,5.4,6.0,1,Average
50,67,38,3.6,8.4,1,Average
42,91,59,1.6,7.2,0,Slow
38,45,51,5.5,8.8,1,Slow
38,91,94,5.2,9.9,1,Average
90,74,65,5.6,5.2,0,Average
59,76,73,1.5,10.0,0,Average
61,60,82,5.4,4.5,0,Slow
66,47,40,4.1,4.0,1,Slow
84,76,57,5.6,4.3,0,Average
95,83,89,4.3,6.1,1,Fast
85,85,59,3.8,7.8,1,Fast
53,83,35,5.4,4.4,1,Slow
55,80,51,4.8,4.0,1,Slow
39,61,64,5.1,9.6,0,Average
76,86,73,2.8,8.9,1,Fast
95,59,68,3.2,8.9,0,Fast
56,91,57,0.9,9.3,1,Average
55,73,88,2.7,8.2,0,Average
35,74,67,4.7,4.6,0,Slow
39,87,74,4.3,6.4,0,Slow
46,90,58,2.0,8.3,1,Average
80,86,100,5.4,5.7,1,Average
68,62,62,8.0,8.1,1,Average
83,86,71,2.1,4.1,0,Average
79,62,90,3.2,5.8,1,Average
61,86,75,2.6,7.3,1,Average
60,53,75,3.4,7.8,1,Average
81,73,30,3.9,7.5,0,Average
90,62,83,2.5,8.2,1,Fast
97,88,71,3.1,4.0,1,Average
82,91,80,3.6,4.6,0,Average
95,77,73,4.2,9.2,0,Fast
60,77,58,5.7,8.1,0,Average
70,85,87,3.5,4.7,0,Average
35,91,73,2.7,9.1,0,Slow
42,75,44,4.5,5.5,0,Slow
86,67,96,4.1,6.9,1,Average
81,84,41,3.2,4.9,1,Average
90,47,88,4.2,8.3,0,Fast
48,88,99,2.9,8.0,1,Average
62,64,47,2.7,5.3,0,Slow
36,71,67,0.7,9.2,1,Slow
60,88,65,3.0,6.4,0,Average
48,68,66,0.9,5.8,0,Slow
93,84,100,2.5,4.9,1,Average
90,92,48,4.4,5.6,1,Average
41,76,63,1.2,4.1,1,Slow
37,79,100,3.2,7.5,1,Slow
57,73,63,3.6,9.1,1,Average
52,76,51,3.1,7.3,1,Average
72,58,75,2.8,5.3,1,Average
49,70,86,4.0,4.2,1,Slow
98,55,62,4.2,5.3,0,Average
62,61,81,3.5,6.5,1,Average
73,44,42,2.9,8.6,1,Average
91,78,43,4.8,5.1,0,Average
51,100,61,1.5,8.3,0,Average
78,68,81,4.5,9.2,0,Fast
59,89,85,4.1,6.7,0,Average
51,91,46,3.8,8.9,1,Average
47,57,84,3.5,7.3,1,Slow
59,60,73,0.7,7.8,0,Average
44,89,52,5.6,7.2,0,Slow
52,73,43,4.8,6.8,1,Slow
68,55,74,2.1,5.4,1,Average
42,65,95,4.6,5.8,1,Slow
74,81,70,3.8,5.7,1,Average
76,63,51,2.6,7.4,0,Average
75,33,32,5.3,4.7,1,Average
40,70,100,2.9,9.5,0,Average
86,71,90,5.5,8.3,0,Fast
60,75,76,4.3,6.4,0,Average
98,93,99,4.9,5.0,1,Average
93,75,74,4.4,9.3,0,Fast
90,78,59,4.3,8.9,1,Fast
93,90,81,3.8,8.3,0,Fast
67,75,53,2.4,5.6,1,Average
87,100,50,3.6,6.4,0,Average
56,56,85,4.9,4.6,0,Slow
55,60,87,4.6,5.1,1,Slow
38,84,44,4.3,8.7,1,Slow
96,93,45,0.5,8.3,0,Fast
96,71,61,3.2,7.6,0,Fast
58,59,55,3.0,9.4,1,Average
89,100,79,1.8,7.5,0,Fast
43,63,70,4.9,6.8,1,Slow
37,80,93,0.5,6.0,1,Slow
65,94,76,4.8,9.6,0,Average
74,68,57,5.5,4.5,1,Average
70,65,32,3.2,9.6,0,Fast
58,66,73,3.4,9.0,1,Average
40,88,35,5.0,4.8,1,Slow
38,90,56,2.4,7.4,0,Slow
40,75,55,4.5,9.2,1,Average
85,100,59,2.1,7.4,0,Fast
96,75,43,1.7,9.4,1,Fast
91,94,55,3.9,9.7,1,Fast
42,68,92,3.5,6.5,1,Slow
60,100,92,0.9,6.3,1,Average
85,98,100,5.6,9.6,0,Fast
79,73,70,2.9,8.1,1,Average
78,96,75,4.3,4.7,1,Average
39,95,93,5.9,4.3,1,Slow
60,98,40,3.9,7.4,0,Average
53,37,86,5.4,9.6,0,Average
54,85,96,2.2,9.1,0,Average
46,83,52,5.6,8.1,0,Slow
81,82,97,2.3,4.8,1,Average
35,78,100,2.6,5.5,1,Slow
48,78,85,1.3,9.3,1,Average
98,94,81,3.9,5.1,0,Average
72,83,47,4.4,5.7,0,Average
71,78,91,4.7,4.8,1,Average
45,92,49,1.4,8.1,1,Slow
37,81,77,4.1,9.7,1,Average
67,82,79,4.1,5.6,0,Average
40,100,20,4.4,6.9,1,Slow
84,68,78,2.3,7.8,1,Fast
44,52,100,0.5,10.0,0,Average
39,76,28,4.6,4.6,0,Slow
57,78,68,3.3,7.0,1,Average
44,85,31,3.9,6.3,0,Slow
78,76,52,3.4,9.2,1,Fast
36,86,31,3.9,6.9,1,Slow
47,100,73,4.6,4.7,1,Slow
74,87,85,0.7,7.8,1,Average
36,89,78,5.2,8.6,0,Slow
99,73,51,3.2,4.0,0,Average
97,54,57,5.9,9.2,0,Fast
51,40,75,2.8,5.1,1,Slow
43,67,52,2.5,7.3,1,Slow
49,36,43,3.3,6.5,1,Slow
58,82,65,4.2,8.3,0,Average
72,69,51,3.1,6.2,0,Average
69,55,78,4.4,9.2,1,Average
83,76,95,2.9,8.4,0,Fast
96,63,100,3.6,7.9,0,Fast
94,81,76,6.9,8.8,0,Fast
84,85,82,4.0,8.5,0,Fast
43,64,58,4.2,4.2,1,Slow
68,71,59,1.3,6.4,0,Average
69,78,95,5.5,9.6,1,Average
35,53,64,5.1,4.8,0,Slow
74,78,71,2.4,8.4,1,Average
98,53,94,5.1,9.8,1,Fast
56,83,64,4.0,4.3,0,Slow
94,68,100,3.6,8.1,1,Fast
98,53,81,5.4,6.8,1,Fast
45,66,79,2.7,7.5,0,Slow
48,66,57,2.4,4.5,1,Slow
94,91,80,3.8,4.3,0,Average
64,77,61,4.3,8.0,1,Average
69,60,79,4.9,8.9,0,Average
71,99,67,3.3,8.7,0,Average
39,84,89,2.2,7.3,0,Slow
60,69,69,7.3,4.6,0,Slow
96,51,100,1.9,8.1,0,Fast
38,68,64,3.6,5.5,1,Slow
76,71,59,4.7,9.5,1,Fast
52,80,76,5.2,9.0,0,Average
74,84,91,2.6,8.3,1,Average
73,87,91,0.7,9.7,1,Fast
48,50,73,2.6,4.2,1,Slow
66,78,76,4.8,8.4,0,Average
85,72,76,4.5,6.0,0,Average
72,100,48,4.5,9.4,1,Fast
57,75,90,4.6,5.6,0,Slow
97,65,44,5.5,8.3,0,Fast
49,76,48,2.3,9.3,1,Average
59,74,71,1.7,4.2,0,Slow
51,45,63,4.1,6.4,0,Slow
87,81,85,1.9,8.6,0,Fast
85,70,78,1.6,6.7,0,Average
73,74,72,5.3,5.6,0,Average
85,61,47,3.9,5.3,1,Average
40,58,70,3.5,4.8,0,Slow
41,88,68,3.6,9.1,0,Average
85,91,74,3.3,7.5,1,Fast
76,81,61,5.3,4.5,1,Average
98,47,80,1.2,6.3,0,Fast
49,82,63,1.2,6.2,1,Slow
63,48,78,2.1,5.1,0,Slow
67,65,85,3.9,6.6,1,Average
61,87,59,6.2,6.0,0,Average
70,84,54,4.8,6.1,1,Average
63,81,79,4.4,8.4,0,Average
72,94,43,3.4,5.3,1,Average
91,83,92,1.5,7.9,0,Fast
61,44,70,4.3,7.4,0,Average
89,69,67,6.5,7.4,0,Fast
67,74,80,3.1,8.0,1,Average
44,72,79,2.7,7.3,1,Slow
39,65,70,3.1,9.3,0,Average
72,59,87,4.4,8.1,0,Average
47,100,56,3.7,7.3,0,Slow
65,69,84,4.9,9.0,0,Average
81,100,48,3.4,7.6,1,Average
86,57,80,3.1,5.7,1,Average
90,84,63,3.8,5.2,1,Average
49,78,43,2.7,4.9,0,Slow
63,61,75,6.1,9.4,0,Average
42,67,69,4.7,8.3,1,Slow
39,74,39,1.9,9.6,1,Average
63,62,27,2.4,7.6,1,Average
81,71,66,4.3,6.8,1,Average
79,39,100,3.8,4.4,0,Average
36,85,76,4.0,8.0,0,Slow
61,93,56,3.2,7.5,0,Average
70,81,91,4.2,9.9,1,Fast
70,100,88,3.2,5.4,0,Average
60,85,95,4.3,7.2,1,Average
77,92,83,4.7,7.9,1,Average
61,93,87,5.9,7.9,1,Average
54,33,84,2.7,7.4,1,Average
45,81,60,3.5,8.7,1,Average
72,54,37,1.7,5.2,0,Average
40,57,59,6.2,8.4,0,Slow
57,59,92,0.5,7.7,0,Average
81,70,62,6.0,9.4,1,Fast
80,84,67,3.6,9.1,0,Fast
46,81,46,4.1,5.9,1,Slow
47,74,58,3.3,5.7,0,Slow
96,85,69,3.5,9.9,1,Fast
94,86,79,4.4,7.2,1,Fast
77,81,60,1.0,9.4,0,Fast
39,49,59,2.5,5.0,1,Slow
71,63,86,2.2,7.9,0,Average
65,75,76,4.2,8.9,0,Average
43,86,78,3.5,9.7,0,Average
85,55,100,4.4,6.0,1,Average
63,74,59,3.7,8.3,1,Average
74,51,69,5.1,7.2,1,Average
75,90,81,2.4,4.4,1,Average
45,78,52,3.6,8.1,0,Slow
57,54,74,5.2,8.1,1,Average
35,54,70,4.9,9.6,0,Slow
80,80,100,1.3,7.0,0,Average
55,95,71,2.0,5.4,1,Slow
70,58,93,3.4,4.3,1,Slow
88,86,86,3.1,6.5,0,Average
91,66,46,3.4,5.8,1,Average
35,87,39,4.7,8.6,0,Slow
97,85,74,3.9,6.1,1,Fast
88,77,95,4.0,9.7,1,Fast
89,47,75,4.5,9.8,0,Fast
74,85,71,5.1,7.7,0,Average
49,82,64,0.5,9.6,0,Average
55,81,43,2.9,8.6,1,Average
81,77,50,2.2,7.3,1,Average
87,61,37,4.2,5.1,1,Average
43,91,47,2.8,6.8,0,Slow
86,88,59,3.6,7.4,0,Fast
91,58,85,4.8,9.2,1,Fast
60,94,61,2.6,6.9,0,Average
75,76,75,4.0,9.4,1,Fast
69,76,72,5.8,8.0,0,Average
97,72,79,4.7,4.8,1,Average
59,73,49,1.1,10.0,1,Average
72,95,91,3.1,7.2,1,Average
36,90,41,4.0,6.4,0,Slow
41,90,61,4.3,8.0,0,Slow
68,77,69,3.1,4.7,1,Slow
51,88,85,2.5,7.8,1,Average
77,62,97,3.6,7.0,1,Average
93,83,85,1.9,6.4,1,Fast
85,72,98,5.1,9.7,1,Fast
88,44,53,6.3,7.1,1,Fast
58,51,93,4.1,5.3,0,Slow
59,65,90,3.2,6.8,0,Average
86,81,22,4.9,9.5,0,Fast
67,65,65,4.7,5.1,0,Average
83,66,82,3.1,5.3,1,Average
63,86,59,3.4,4.1,1,Slow
97,66,48,2.6,4.1,1,Average
56,94,100,3.7,9.0,0,Average
60,92,72,3.9,8.4,0,Average
62,75,72,2.3,6.1,1,Average
83,86,43,1.9,8.2,0,Fast
83,84,57,1.5,6.4,0,Average
54,71,52,4.1,9.7,1,Average
97,87,91,3.5,9.8,1,Fast
95,90,80,3.4,6.4,1,Fast
83,60,58,4.2,9.1,0,Fast
35,77,81,2.1,8.6,1,Slow
47,77,64,1.9,5.9,1,Slow
85,87,74,3.9,5.4,1,Average
90,68,74,0.9,6.7,0,Fast
96,66,78,3.1,8.7,0,Fast
66,77,75,7.2,9.8,1,Average
64,92,78,1.5,8.6,1,Average
63,57,95,2.9,9.1,0,Average
83,59,82,0.5,7.6,0,Fast
79,67,63,3.1,9.0,1,Fast
64,69,68,6.4,8.7,0,Average
50,48,94,4.2,6.3,1,Slow
74,97,72,2.6,7.3,1,Average
53,73,62,6.8,8.8,0,Average
52,70,57,0.9,4.3,1,Slow
35,99,75,4.2,8.8,1,Slow
81,85,52,3.6,5.1,0,Average
72,66,95,3.1,7.1,1,Average
85,77,49,4.7,8.8,0,Fast
97,74,99,1.7,5.5,1,Fast
38,96,64,4.0,5.5,1,Slow
35,72,48,3.8,6.4,0,Slow
42,53,73,2.2,9.4,0,Average
63,46,50,6.4,4.0,0,Slow
89,97,70,3.2,9.4,0,Fast
37,63,58,3.3,4.9,0,Slow
66,85,88,2.0,9.9,0,Average
44,76,72,3.3,9.7,1,Average
68,68,46,7.0,7.0,0,Average
89,71,58,3.1,7.1,1,Fast
66,98,84,4.3,6.9,0,Average
84,53,95,4.9,7.8,1,Fast
41,69,69,3.2,4.5,1,Slow
42,88,49,2.9,4.2,0,Slow
99,55,91,4.2,4.3,1,Average
91,94,84,3.1,6.7,1,Fast
93,88,96,3.0,5.7,1,Average
88,79,75,4.9,7.7,0,Fast
85,67,59,3.4,10.0,0,Fast
42,53,80,5.3,6.3,1,Slow
68,85,76,3.4,7.4,0,Average
69,100,58,1.5,6.5,0,Average
66,77,73,0.5,9.1,1,Average
80,47,66,0.7,9.4,1,Fast
50,81,84,1.0,9.3,0,Average
71,87,79,3.9,9.8,0,Fast
88,61,48,2.0,4.2,0,Average
48,65,46,0.5,9.0,1,Average
89,63,68,3.3,8.5,0,Fast
82,67,70,1.9,5.4,0,Average
41,72,85,4.2,9.7,0,Average
41,62,80,4.2,4.9,1,Slow
67,56,99,4.3,8.1,1,Average
57,77,60,0.5,5.3,1,Slow
53,72,59,3.6,6.6,0,Slow
53,68,50,3.3,8.3,0,Average
70,76,84,1.7,7.4,1,Average
63,52,70,0.5,6.6,0,Average
94,78,32,3.3,6.0,0,Fast
36,68,74,5.1,9.0,0,Slow
35,78,75,0.5,4.9,1,Slow
81,80,67,2.3,6.6,0,Average
54,91,75,3.7,9.4,0,Average
45,76,45,5.2,9.1,1,Average
36,91,100,3.0,6.4,0,Slow
46,70,77,6.4,8.6,1,Average
54,70,34,0.8,8.9,0,Average
39,73,69,0.5,9.3,1,Average
71,86,78,5.0,7.3,1,Average
72,84,47,0.5,5.2,0,Average
43,77,80,4.2,5.5,0,Slow
87,56,100,3.1,5.8,1,Average
78,84,57,2.1,7.6,0,Average
58,62,78,2.9,4.2,1,Slow
64,61,74,1.6,7.8,0,Average
93,57,89,3.0,6.2,0,Fast
48,73,67,3.5,5.8,0,Slow
43,93,48,2.9,9.3,0,Average
74,60,88,2.6,6.8,1,Average
59,100,49,3.9,4.6,1,Slow
56,88,100,6.0,9.0,0,Average
38,53,81,3.1,4.3,0,Slow
60,69,58,4.7,8.4,0,Average
92,59,92,2.1,8.6,0,Fast
63,84,69,1.5,6.1,0,Average
71,60,65,4.2,8.9,1,Average
52,50,56,3.1,7.1,1,Slow
76,70,32,5.2,6.8,0,Average
75,92,82,5.5,4.3,1,Average
72,72,37,4.8,5.7,1,Average
68,80,54,4.7,9.6,0,Average
51,81,78,0.5,6.4,1,Slow
71,52,59,4.2,7.3,1,Average
59,61,73,4.8,7.2,1,Average
61,75,45,1.6,7.5,1,Average
91,66,63,3.5,4.4,0,Average
65,100,73,1.9,6.2,1,Average
40,56,50,5.0,8.3,1,Slow
74,61,100,2.1,5.2,1,Average
46,79,57,2.3,5.2,0,Slow
87,65,97,2.8,4.1,1,Average
44,31,66,6.9,6.6,1,Slow
79,100,38,5.0,9.3,1,Fast
51,58,47,5.9,4.3,0,Slow
60,83,73,0.8,5.1,0,Slow
96,56,90,1.6,5.9,0,Fast
80,62,100,5.5,8.4,0,Fast
98,50,72,0.9,7.8,0,Fast
36,63,46,2.5,6.5,1,Slow
88,65,75,6.6,8.6,0,Fast
99,73,53,2.1,7.7,1,Fast
85,69,77,0.8,9.4,0,Fast
87,53,51,3.6,8.9,0,Fast
70,67,28,0.8,5.5,0,Average
60,96,96,5.4,5.6,1,Slow
63,94,65,2.2,4.8,1,Slow
55,81,70,1.9,6.0,1,Slow
45,84,89,3.5,10.0,0,Average
74,100,100,2.9,6.4,0,Average
45,83,84,3.9,5.3,0,Slow
70,84,72,4.3,8.6,0,Average
93,51,79,3.2,7.3,0,Fast
73,58,64,1.8,4.9,0,Average
88,74,70,4.6,6.3,1,Average
89,62,72,2.5,6.5,1,Average
58,60,54,2.2,8.5,0,Average
56,61,70,3.7,4.1,1,Slow
90,53,77,0.6,5.6,1,Average
67,63,80,4.1,7.1,1,Average
70,80,78,3.8,5.6,0,Average
54,100,43,5.2,7.8,0,Average
96,86,94,2.7,6.9,0,Fast
60,84,92,5.5,6.2,0,Average
74,50,68,4.3,9.7,1,Fast
51,76,79,3.5,7.8,0,Average
35,73,65,6.2,4.8,0,Slow
95,79,85,3.6,7.4,0,Fast
77,69,53,2.7,8.7,1,Fast
76,99,96,3.7,8.3,1,Average
59,75,84,2.7,5.0,1,Slow
73,77,84,4.1,9.8,1,Fast
69,45,67,5.5,6.7,1,Average
37,73,41,3.5,5.0,0,Slow
78,92,87,3.6,5.1,1,Average
85,83,42,4.7,4.6,1,Average
46,42,87,5.3,8.8,0,Average
53,68,54,2.8,4.7,0,Slow
78,100,38,3.8,4.8,0,Average
93,72,70,4.7,9.1,1,Fast
83,79,93,4.0,6.1,0,Average
95,99,50,0.7,4.2,1,Average
51,72,100,5.0,4.3,0,Slow
91,86,83,4.3,4.9,1,Average
89,81,73,4.4,5.3,1,Average
81,84,61,1.7,8.0,1,Fast
46,80,62,3.7,4.9,1,Slow
96,66,78,4.8,4.7,0,Average
42,68,86,2.2,8.6,0,Slow
55,62,58,2.6,8.0,1,Average
59,50,53,4.8,6.6,0,Average
46,93,65,2.5,7.3,1,Slow
49,75,97,3.2,5.9,0,Slow
93,92,45,1.9,6.9,0,Fast
60,98,92,6.2,7.0,1,Average
60,75,70,4.3,6.3,1,Average
81,55,36,3.1,9.4,0,Fast
66,72,60,2.8,4.1,1,Slow
44,64,82,1.7,8.7,0,Average
50,45,100,3.3,4.7,0,Slow
51,67,43,4.5,8.8,0,Average
57,73,20,2.3,7.7,1,Average
60,65,43,3.7,9.1,1,Average
41,63,92,2.9,4.6,0,Slow
48,55,34,5.6,7.4,1,Slow
41,77,99,2.5,7.0,1,Slow
43,100,94,4.7,8.2,0,Slow
82,94,73,5.6,7.2,1,Average
93,84,57,2.9,7.2,1,Fast
73,85,71,2.6,6.6,0,Average
52,73,82,4.9,5.9,1,Slow
93,47,79,0.8,6.9,0,Fast
51,69,100,4.1,4.7,1,Slow
48,60,64,1.1,9.8,1,Average
65,77,43,5.3,8.3,0,Average
58,93,40,3.1,9.7,0,Average
94,100,36,3.4,5.4,1,Average
79,75,73,2.4,9.3,0,Fast
37,49,65,1.1,8.9,0,Slow
71,75,70,5.4,8.1,1,Average
77,76,59,3.2,7.8,0,Average
74,85,47,8.0,5.9,1,Average
89,74,82,2.3,8.9,1,Fast
73,75,20,2.5,7.0,0,Average
49,65,53,2.2,4.4,1,Slow
38,70,85,3.2,5.9,0,Slow
59,82,51,5.9,9.6,1,Average
47,44,77,5.0,9.1,0,Average
67,70,53,1.2,9.9,0,Average
50,85,60,5.3,7.8,1,Average
76,99,81,4.5,5.5,0,Average
89,69,44,4.2,5.0,0,Average
76,92,84,2.5,5.1,0,Average
68,100,70,2.6,4.1,1,Slow
64,69,95,3.7,6.3,1,Average
47,66,74,2.7,5.1,0,Slow
47,72,48,5.5,6.5,0,Slow
52,73,100,2.6,9.6,1,Average
66,91,50,0.6,6.6,1,Average
73,63,65,1.5,9.3,1,Fast
80,98,89,1.6,7.6,0,Average
63,62,32,3.1,5.5,1,Slow
96,56,98,3.8,6.1,0,Fast
96,82,46,3.6,4.5,1,Average
91,93,60,4.2,6.0,0,Average
50,77,75,3.1,8.1,1,Average
90,81,69,3.2,4.4,0,Average
44,100,85,6.1,5.2,1,Slow
64,93,37,5.3,6.3,1,Average
59,75,84,4.1,9.9,0,Average
39,68,86,4.9,8.7,1,Slow
99,91,90,0.6,8.4,1,Fast
83,87,38,2.3,4.7,1,Average
37,81,40,2.9,8.7,1,Slow
79,70,63,2.3,8.7,0,Fast
48,73,42,1.2,7.6,0,Slow
64,72,33,4.1,9.9,1,Average
52,70,62,5.6,6.0,0,Slow
96,65,74,3.5,9.6,0,Fast
71,78,100,4.5,9.5,0,Fast
59,65,80,3.4,4.1,0,Slow
82,77,100,2.8,6.7,0,Average
99,43,69,4.9,9.9,1,Fast
87,66,81,1.4,4.6,0,Average
49,91,67,0.7,7.3,1,Slow
83,61,100,1.3,9.9,0,Fast
46,83,56,4.8,7.3,1,Slow
93,62,59,3.6,5.1,1,Average
71,86,85,4.1,7.5,1,Average
95,70,74,6.0,5.2,0,Average
77,69,61,1.8,7.1,0,Average
73,75,89,5.3,4.4,1,Average
90,54,69,2.9,7.6,1,Fast
97,89,69,2.7,7.1,0,Fast
80,94,74,3.6,8.4,0,Fast
45,69,35,3.9,7.8,1,Slow
96,82,38,3.2,7.3,0,Fast
59,86,91,4.4,8.1,0,Average
86,73,56,3.6,4.9,0,Average
38,58,67,3.2,7.6,0,Slow
93,98,100,2.9,5.0,0,Average
54,69,68,3.9,9.6,0,Average
97,65,65,1.5,4.4,1,Average
88,99,87,1.9,6.6,1,Average
91,84,58,2.9,8.2,1,Fast
75,78,94,4.3,6.7,1,Average
37,60,87,6.7,4.6,1,Slow
40,87,100,3.3,7.3,1,Slow
39,100,56,0.8,7.8,0,Slow
39,88,97,2.3,8.2,0,Slow
88,82,81,4.5,6.2,1,Average
81,85,43,2.0,7.4,1,Average
83,70,20,1.5,6.7,1,Average
43,69,54,4.5,8.0,0,Slow
54,69,75,4.2,7.5,0,Average
95,66,78,1.3,7.2,0,Fast
69,69,68,2.2,5.5,0,Average
84,69,68,5.4,4.0,1,Average
96,71,67,4.8,5.0,1,Average
51,70,90,1.7,4.7,1,Slow
37,78,41,0.5,6.7,1,Slow
66,76,75,3.9,7.7,0,Average
47,77,53,3.1,5.3,0,Slow
48,97,51,3.8,9.6,1,Average
45,76,93,4.5,4.0,0,Slow
90,100,50,2.1,8.6,0,Fast
63,80,67,2.9,7.8,0,Average
43,68,100,2.2,6.2,0,Slow
59,95,86,2.2,4.3,1,Slow
76,73,60,4.3,7.8,0,Average
43,39,62,3.7,6.3,1,Slow
74,74,45,1.2,9.6,0,Fast
59,71,96,4.6,7.3,0,Average
39,99,90,3.0,9.6,1,Average
45,61,83,4.7,5.3,1,Slow
93,70,85,2.0,8.4,0,Fast
72,94,54,2.1,7.7,0,Average
39,80,39,3.9,8.4,1,Slow
82,72,81,1.9,5.3,0,Average
52,63,87,3.1,8.0,0,Average
71,80,100,1.7,7.0,1,Average
94,74,65,2.9,8.5,0,Fast
82,63,63,3.5,6.0,0,Average
62,64,65,3.5,9.3,0,Average
74,62,83,3.0,4.5,0,Average
79,60,64,4.0,8.8,0,Fast
96,89,68,3.7,9.2,1,Fast
92,86,86,3.4,8.9,0,Fast
90,89,57,2.6,7.1,1,Fast
74,75,97,5.1,6.6,1,Average
74,71,82,4.1,10.0,0,Fast
67,71,32,1.9,5.4,1,Average
40,90,59,4.5,7.3,0,Slow
53,47,29,4.8,8.0,1,Average
74,67,66,3.4,8.2,1,Average
93,61,60,3.5,5.2,1,Average
93,95,86,0.5,7.9,0,Fast
82,67,52,2.2,8.9,1,Fast
75,50,77,4.8,4.3,1,Average
47,78,81,2.3,9.5,1,Average
79,69,75,3.3,4.2,0,Average
87,66,92,2.2,6.1,0,Average
76,65,100,3.8,4.1,1,Average
97,64,72,4.1,4.5,1,Average
61,85,78,4.1,9.5,1,Average
72,78,52,1.8,6.1,1,Average
94,72,49,3.7,6.5,0,Fast
41,58,90,5.9,5.3,0,Slow
39,72,88,4.6,7.6,0,Slow
79,78,49,3.6,7.6,1,Average
92,79,43,0.6,6.2,0,Fast
65,77,57,3.1,6.0,1,Average
57,61,67,6.0,9.3,1,Average
76,38,61,5.5,6.3,1,Average
44,100,73,4.2,7.0,0,Slow
66,55,88,2.4,5.7,1,Average
87,45,79,3.6,8.7,0,Fast
64,76,80,4.7,6.4,1,Average
73,49,20,4.9,7.1,0,Average
65,62,37,4.0,5.5,1,Average
36,83,54,4.8,9.9,0,Average
46,100,57,3.4,5.7,1,Slow
73,80,86,3.3,8.6,0,Average
47,68,52,2.8,6.6,1,Slow
80,74,83,4.1,5.2,1,Average
61,47,54,5.0,8.8,1,Average
51,68,45,4.6,6.0,0,Slow
94,68,46,1.7,9.2,1,Fast
98,77,100,1.8,9.5,1,Fast
69,100,53,5.2,9.2,1,Average
64,45,83,3.8,4.2,0,Slow
97,68,38,3.8,8.7,1,Fast
62,47,98,3.8,6.5,1,Average
94,67,76,6.1,9.2,0,Fast
71,62,75,2.8,7.8,1,Average
56,52,78,5.2,9.0,0,Average
54,88,80,3.9,7.0,1,Average
98,78,86,1.1,7.2,0,Fast
51,86,58,2.3,4.9,0,Slow
46,67,56,2.6,8.7,0,Average
56,73,70,5.1,6.5,1,Slow
51,98,83,5.3,7.0,1,Slow
44,74,68,4.0,8.7,0,Average
99,87,85,2.7,7.6,1,Fast
56,65,82,2.1,5.2,1,Slow
84,85,65,5.2,7.5,0,Fast
48,66,35,1.6,6.4,0,Slow
98,46,59,3.3,6.8,0,Fast
81,74,100,7.0,4.2,0,Average
63,67,76,2.7,5.3,1,Slow
70,50,57,1.6,5.7,1,Average
86,77,75,0.9,8.3,1,Fast
41,61,83,7.1,4.1,1,Slow
63,100,57,4.0,6.5,1,Average
45,53,94,2.2,9.5,1,Average
67,56,79,3.2,4.7,0,Slow
40,88,48,2.5,7.1,1,Slow
66,73,87,0.7,8.7,1,Average
85,87,61,4.7,9.7,1,Fast
92,80,66,3.6,8.5,0,Fast
60,66,49,4.6,8.3,0,Average
80,54,82,3.5,9.0,1,Fast
63,91,67,3.7,6.7,0,Average
38,55,83,0.5,8.8,0,Slow
47,83,58,4.9,4.0,1,Slow
73,88,56,1.9,9.5,1,Fast
49,73,55,2.3,6.7,1,Slow
63,70,77,2.7,7.3,0,Average
63,60,56,0.5,5.5,0,Slow
66,81,65,2.6,8.5,1,Average
36,30,59,2.5,4.5,0,Slow
81,85,78,2.9,9.2,0,Fast
56,76,35,0.9,9.0,0,Average
61,71,74,4.9,5.3,1,Slow
90,78,100,4.1,8.9,1,Fast
55,54,94,2.2,8.7,1,Average
81,38,57,2.6,7.8,1,Average
93,82,79,4.8,6.2,1,Fast
40,94,76,3.1,5.6,0,Slow
53,48,99,1.6,5.4,0,Slow
91,59,20,3.4,5.9,0,Average
37,86,92,1.9,9.4,0,Slow
35,80,64,2.4,4.5,0,Slow
92,100,55,3.4,9.0,0,Fast
72,91,54,5.1,6.1,1,Average
49,87,44,6.5,7.1,1,Slow
68,63,57,5.5,8.8,0,Average
95,82,48,3.4,9.3,1,Fast
69,97,73,6.9,6.1,0,Average
98,72,81,4.3,6.8,0,Fast
59,73,64,2.0,6.5,1,Average
58,77,99,3.6,4.1,1,Slow
46,65,59,2.5,5.8,0,Slow
52,79,63,1.6,6.8,1,Slow
49,78,60,1.7,6.5,0,Slow
61,97,81,3.3,8.3,0,Average
94,72,83,4.6,6.3,0,Fast
80,85,79,5.1,6.9,0,Average
51,72,67,1.6,6.6,0,Slow
87,84,43,3.0,8.4,1,Fast
42,71,63,4.2,9.2,0,Average
61,83,99,3.7,7.2,1,Average
80,85,90,4.5,8.7,0,Fast
84,59,75,2.8,5.8,1,Average
37,91,62,5.4,7.2,0,Slow
98,72,69,3.5,6.1,1,Fast
78,67,62,4.6,6.5,0,Average
87,64,93,2.9,8.4,0,Fast
58,79,53,3.6,9.3,1,Average
94,74,88,1.1,4.7,1,Average
37,80,59,2.2,7.8,1,Slow
54,80,96,3.2,7.5,1,Average
80,84,78,3.7,4.7,1,Average
49,100,55,7.5,5.3,1,Slow
59,75,63,2.9,5.9,0,Slow
51,63,84,1.4,5.0,0,Slow
43,44,60,6.1,5.5,0,Slow
72,57,70,5.1,5.6,1,Average
82,93,59,1.8,6.0,1,Average
94,85,100,4.2,8.5,1,Fast
97,54,100,4.8,7.4,0,Fast
36,100,99,3.7,9.9,1,Average
45,79,67,4.0,6.5,0,Slow
98,81,61,2.6,8.5,1,Fast
55,100,54,4.3,9.2,1,Average
52,100,100,2.8,8.1,1,Average
98,86,88,0.5,6.5,0,Fast
72,87,89,3.8,8.5,1,Average
66,88,65,1.0,5.2,0,Average
45,71,34,5.0,6.0,1,Slow
79,79,39,1.8,7.3,1,Average
67,83,71,0.5,7.5,1,Average
75,73,59,0.8,4.1,1,Average
42,60,57,3.4,9.7,0,Average
45,71,76,3.8,8.2,1,Slow
85,60,90,1.4,7.0,0,Average
75,75,55,1.9,9.6,1,Fast
51,48,43,3.5,6.6,1,Slow
80,80,56,5.0,9.9,1,Fast
66,50,49,1.7,7.1,0,Average
88,68,81,4.1,4.7,1,Average
54,82,69,0.9,8.6,0,Average
67,86,100,4.0,8.1,0,Average
74,85,84,4.6,8.6,1,Average
66,79,100,4.3,9.7,0,Average
36,58,41,5.0,8.7,1,Slow
67,89,20,4.9,7.7,0,Average
64,58,74,6.3,9.1,0,Average
67,91,72,3.7,8.0,0,Average
60,84,67,6.3,6.4,0,Average
56,95,71,2.1,9.3,1,Average
72,75,47,3.2,5.3,0,Average
80,62,81,3.3,8.3,1,Fast
49,55,84,1.9,9.3,0,Average
78,57,46,0.5,8.4,1,Fast
83,50,62,4.8,8.2,1,Fast
95,89,64,2.1,8.5,0,Fast
40,91,56,2.9,6.8,0,Slow
43,83,46,5.9,9.2,1,Average
40,74,70,4.4,5.2,0,Slow
66,100,75,6.1,4.8,0,Slow
75,73,57,3.7,5.7,0,Average
42,78,48,4.3,7.2,0,Slow
84,74,78,3.1,7.1,0,Average
96,69,54,2.2,8.9,0,Fast
96,84,63,4.3,6.4,0,Fast
41,65,61,2.8,6.9,0,Slow
38,64,94,4.5,4.1,0,Slow
40,85,55,2.6,6.5,1,Slow
92,67,100,3.2,7.9,0,Fast
56,77,85,3.4,4.1,0,Slow
60,69,100,5.1,5.7,0,Slow
37,74,83,2.9,5.2,0,Slow
75,64,65,5.3,4.3,0,Average
94,65,51,2.1,6.9,1,Fast
48,62,62,3.9,5.1,1,Slow
46,87,99,2.5,8.5,0,Average
46,77,69,5.2,9.1,1,Average
47,88,83,2.3,7.3,0,Slow
59,90,74,2.4,9.9,0,Average
79,68,74,1.6,6.7,1,Average
53,88,75,3.7,7.1,1,Average
89,74,79,4.4,9.9,1,Fast
79,72,53,4.2,5.4,1,Average
42,93,64,3.3,9.7,1,Average
87,83,76,2.5,4.3,0,Average
89,69,73,3.1,6.7,0,Fast
66,82,60,3.1,4.4,0,Slow
85,56,78,3.9,8.4,1,Fast
78,78,54,3.8,7.7,0,Average
52,52,45,6.1,8.2,1,Average
56,60,75,3.6,6.2,0,Slow
71,83,46,4.0,6.2,1,Average
90,34,75,3.6,4.3,1,Average
93,100,30,3.0,6.1,0,Fast
37,87,55,4.0,9.6,0,Average
62,47,63,2.9,6.3,0,Average
69,100,37,3.4,9.0,0,Average
95,100,62,5.2,9.1,1,Fast
88,72,93,2.8,6.2,0,Average
97,61,44,4.1,7.8,1,Fast
41,100,63,0.5,4.6,0,Slow
83,69,100,3.2,4.6,0,Average
65,77,48,2.8,4.3,0,Slow
92,93,97,3.7,7.5,0,Fast
95,72,64,3.1,6.6,0,Fast
58,71,72,3.7,7.3,1,Average
54,55,95,2.9,7.1,0,Average
71,65,60,4.1,6.1,1,Average
38,71,82,0.9,8.1,0,Slow
54,56,87,3.7,8.6,1,Average
94,57,56,2.1,4.1,0,Average
58,75,54,5.3,5.2,0,Slow
84,47,65,2.1,8.3,0,Fast
83,61,66,5.0,6.3,1,Average
85,100,48,3.5,8.0,1,Fast
70,69,57,0.8,6.1,0,Average
68,67,20,2.2,6.3,0,Average
70,69,63,4.8,5.0,0,Average
40,69,87,4.7,5.5,1,Slow
73,83,36,1.6,7.6,0,Average
76,82,60,5.8,6.6,1,Average
92,69,100,3.5,8.6,0,Fast
46,71,69,4.8,9.1,1,Average
37,94,97,1.7,7.2,1,Slow
52,52,49,2.8,8.5,1,Average
74,74,78,4.1,5.8,0,Average
55,77,46,3.0,6.5,1,Slow
49,63,78,0.5,8.3,0,Average
60,73,86,3.2,6.3,1,Average
42,61,82,0.6,7.5,0,Slow
76,84,63,1.9,5.1,1,Average
78,54,75,1.4,7.6,1,Average
48,90,75,5.2,9.2,0,Average
36,73,83,5.7,9.2,0,Slow
71,68,67,4.0,8.3,1,Average
72,59,88,3.2,8.5,1,Average
75,90,98,3.5,7.3,0,Average
96,65,63,5.2,7.5,1,Fast
94,57,70,0.5,4.8,1,Average
48,90,51,1.9,6.7,0,Slow
36,61,76,5.0,6.7,0,Slow
51,73,76,5.3,9.8,0,Average
62,87,71,4.4,6.6,1,Average
69,77,72,1.9,7.3,1,Average
39,100,100,5.0,7.2,1,Slow
99,62,20,5.5,7.8,0,Fast
74,71,60,4.6,8.5,1,Average
90,73,63,0.5,5.4,0,Average
70,84,99,3.7,7.2,0,Average
79,94,79,4.4,9.0,1,Fast
57,76,79,2.7,6.8,0,Average
81,72,95,3.8,5.7,1,Average
65,52,66,2.7,7.9,0,Average
45,76,83,2.2,8.9,0,Average
44,65,59,5.8,4.4,0,Slow
48,84,48,3.8,8.7,1,Average
44,68,100,1.8,8.9,0,Average
35,71,77,1.4,6.8,1,Slow
39,53,82,2.2,9.9,0,Average
54,47,48,2.2,8.7,0,Average
42,100,80,3.7,8.6,0,Slow
77,76,100,4.2,8.5,1,Fast
35,81,64,4.2,4.9,1,Slow
91,61,44,2.4,5.3,1,Average
98,88,73,4.9,6.8,1,Fast
62,85,49,5.3,5.6,1,Slow
71,62,38,3.1,6.5,0,Average
81,59,55,2.0,9.3,0,Fast
71,64,60,3.7,8.9,1,Average
83,74,50,6.7,7.8,1,Fast
78,77,96,1.9,9.1,1,Fast
90,75,100,2.7,8.7,1,Fast
62,94,82,3.6,6.6,0,Average
40,64,77,4.3,5.2,1,Slow
95,58,67,0.5,7.1,1,Fast
54,75,52,5.5,8.4,1,Average
36,49,100,5.4,6.6,1,Slow
71,85,68,2.9,8.0,0,Average
54,76,60,7.6,4.6,0,Slow
60,69,90,5.3,8.5,1,Average
63,69,68,5.3,8.9,0,Average
35,88,89,5.3,8.2,0,Slow
69,88,61,5.2,9.8,1,Fast
93,71,90,3.5,9.0,1,Fast
67,83,89,3.3,9.4,0,Average
85,87,96,2.1,9.6,0,Fast
46,80,55,2.6,8.8,0,Average
54,71,68,3.0,8.0,0,Average
87,80,100,3.6,4.0,0,Average
77,59,65,5.9,6.8,1,Average
84,76,86,0.5,7.4,0,Fast
63,71,100,5.5,5.8,0,Average
91,69,33,2.0,5.9,0,Average
73,49,64,3.3,9.8,0,Fast
90,59,70,2.4,9.4,0,Fast
77,67,34,6.3,9.1,0,Fast
84,88,60,2.8,6.4,0,Average
57,79,50,4.3,4.1,0,Slow
78,89,87,4.4,4.5,1,Average
72,93,35,1.8,5.9,1,Average
57,79,100,3.4,4.1,0,Slow
79,77,83,5.3,4.1,1,Average
86,60,48,2.2,9.5,1,Fast
84,100,90,4.7,8.2,1,Fast
42,53,81,3.0,5.9,1,Slow
35,76,69,5.2,4.8,1,Slow
42,87,55,6.1,7.1,1,Slow
63,87,80,0.5,4.0,0,Slow
39,57,72,1.5,9.6,0,Average
81,68,56,2.8,6.5,1,Average
68,63,43,5.7,6.4,0,Average
99,45,52,4.3,6.3,1,Fast
89,76,59,1.6,4.4,0,Average
77,64,93,4.5,7.8,0,Average
64,97,87,2.1,8.4,0,Average
51,84,60,4.8,8.1,1,Average
60,75,61,4.3,4.8,0,Slow
42,67,89,2.1,7.5,0,Slow
81,76,75,3.4,7.4,1,Average
80,71,75,5.3,9.2,1,Fast
67,76,55,0.7,6.3,0,Average
35,100,67,4.0,6.2,1,Slow
53,59,70,1.8,7.7,0,Average
65,72,68,3.5,7.8,0,Average
48,85,84,4.2,6.8,1,Slow
87,68,85,6.5,6.7,1,Average
82,98,51,3.5,7.0,0,Average
96,85,59,5.7,9.2,1,Fast
98,64,56,2.2,6.8,0,Fast
97,78,97,2.8,9.6,1,Fast
67,64,100,4.4,7.0,1,Average
75,63,60,3.8,9.7,1,Fast
82,72,66,3.0,9.0,1,Fast
47,93,86,3.0,6.2,1,Slow
65,86,55,5.5,9.2,0,Average
38,74,87,3.1,4.7,0,Slow
53,86,69,2.0,9.6,0,Average
47,79,35,2.2,7.8,1,Slow
57,57,43,4.5,4.3,0,Slow
35,72,63,6.9,7.9,0,Slow
88,73,94,2.7,9.8,1,Fast
49,86,52,6.7,4.4,1,Slow
99,66,59,3.5,7.3,1,Fast
49,61,74,3.1,8.5,0,Average
55,74,36,2.1,8.9,0,Average
53,65,75,3.2,6.5,1,Slow
94,70,39,2.4,5.2,0,Average
67,73,81,2.2,4.3,0,Slow
83,69,53,1.0,7.5,1,Average
69,89,51,6.1,6.7,0,Average
78,96,75,5.1,9.7,1,Fast
45,87,85,3.9,4.4,0,Slow
80,48,77,3.3,8.1,1,Fast
43,65,74,3.5,4.1,0,Slow
37,72,74,2.3,5.0,0,Slow
60,47,77,1.8,6.7,1,Average
82,61,78,4.6,6.7,1,Average
62,72,62,3.1,8.1,1,Average
60,68,83,4.0,9.5,1,Average
59,75,54,1.0,7.8,0,Average
46,54,91,3.0,9.7,1,Average
39,68,85,1.8,9.3,1,Average
82,77,100,4.2,7.5,1,Average
71,75,80,5.0,9.0,1,Average
78,81,88,5.7,7.9,1,Average
49,80,38,2.6,4.5,0,Slow
77,68,88,1.8,8.4,1,Average
82,76,93,2.9,4.6,1,Average
80,63,100,2.5,7.6,1,Average
77,70,72,4.1,8.2,0,Average
55,59,63,1.4,4.4,0,Slow
57,90,48,0.9,5.4,0,Slow
81,70,50,3.0,9.5,1,Fast
49,90,69,4.6,7.7,1,Average
59,79,34,2.0,5.5,0,Slow
70,61,54,4.8,8.1,0,Average
85,78,71,4.0,7.6,1,Fast
49,87,71,5.8,7.0,1,Slow
55,73,50,2.3,9.9,1,Average
47,76,45,1.1,8.1,0,Average
53,66,48,4.4,6.3,1,Slow
68,75,65,3.9,8.8,1,Average
86,78,100,3.8,9.3,0,Fast
61,66,91,1.9,4.8,0,Slow
63,58,74,4.7,5.2,0,Slow
62,94,81,2.5,5.3,1,Slow
69,84,90,3.8,8.1,0,Average
42,66,83,2.8,7.6,0,Slow
50,78,63,4.0,7.7,1,Average
70,52,53,1.7,9.6,1,Fast
64,45,67,4.2,8.7,0,Average
52,91,90,4.5,4.8,1,Slow
36,78,64,3.7,6.1,0,Slow
83,74,47,6.0,6.6,1,Average
38,78,35,3.8,6.4,1,Slow
41,100,67,4.9,8.0,0,Slow
73,88,49,3.6,9.4,0,Fast
47,59,61,4.7,5.8,0,Slow
65,49,99,1.2,7.3,1,Average
97,90,68,3.5,8.7,0,Fast
90,87,54,1.8,6.5,1,Average
76,83,76,3.7,5.0,1,Average
95,62,100,4.1,6.8,0,Fast
76,80,67,4.7,4.3,1,Average
90,64,22,4.2,9.7,1,Fast
70,84,83,3.0,4.4,0,Slow
41,89,76,2.4,6.6,1,Slow
88,66,71,0.5,7.2,1,Fast
35,91,65,3.6,9.9,0,Average
78,76,53,5.2,5.0,0,Average
79,82,100,3.7,4.7,1,Average
81,55,33,3.4,4.1,1,Average
47,78,63,3.7,4.9,1,Slow
56,64,63,2.9,5.2,1,Slow
55,82,87,3.8,7.8,0,Average
43,97,94,2.9,5.3,1,Slow
60,79,65,2.2,4.1,1,Slow
43,61,73,3.4,9.0,1,Average
49,84,75,3.4,6.2,1,Slow
44,81,91,6.3,6.1,0,Slow
76,100,90,2.3,5.8,1,Average
58,78,59,3.3,9.9,0,Average
83,66,78,3.1,5.0,0,Average
60,86,77,2.8,9.4,0,Average
71,73,67,4.3,8.7,0,Average
84,76,77,6.9,4.5,0,Average
58,61,70,3.0,9.9,1,Average
53,73,73,4.3,5.6,0,Slow
94,75,42,0.6,4.6,0,Average
73,73,51,2.9,9.0,0,Average
52,66,86,5.8,8.2,1,Average
53,79,45,3.4,7.7,0,Average
70,61,79,4.3,4.9,1,Average
89,57,68,2.6,6.9,0,Fast
81,85,90,3.9,8.7,0,Fast
83,84,82,5.9,5.8,1,Average
67,55,60,1.8,5.9,1,Average
55,47,65,6.8,4.0,1,Slow
56,59,30,1.2,5.0,0,Slow
82,73,67,2.8,9.3,1,Fast
71,92,44,2.2,6.7,1,Average
49,72,65,3.1,9.9,1,Average
69,63,57,2.2,6.4,1,Average
66,77,52,2.1,8.3,1,Average
45,73,93,1.7,5.7,0,Slow
44,54,44,4.5,6.2,1,Slow
91,54,50,3.1,5.1,0,Average
59,54,56,2.8,6.1,1,Slow
36,100,60,3.9,7.3,1,Slow
98,87,52,1.3,10.0,0,Fast
69,66,62,4.0,8.0,0,Average
41,91,76,3.4,5.2,0,Slow
52,66,83,3.4,4.3,0,Slow
76,91,82,4.3,4.8,1,Average
73,76,31,6.0,7.4,0,Average
75,65,77,4.0,8.6,1,Average
58,85,78,3.2,9.6,1,Average
94,77,56,1.7,4.1,1,Average
80,80,100,0.5,7.1,0,Average
53,78,91,3.7,6.8,0,Slow
76,78,66,1.6,7.9,0,Average
66,87,58,0.5,7.4,1,Average
73,100,100,3.0,8.1,0,Average
70,93,69,3.9,7.9,0,Average
70,78,71,4.6,4.7,1,Average
37,70,71,5.1,8.8,0,Slow
42,71,100,4.8,4.7,1,Slow
75,56,65,4.9,8.2,0,Average
47,84,69,1.3,6.5,0,Slow
83,59,53,3.3,7.1,0,Average
94,69,62,4.4,9.4,0,Fast
36,85,49,3.6,9.3,0,Slow
94,71,53,3.3,8.9,1,Fast
39,67,33,3.5,7.1,0,Slow
78,57,87,3.9,8.4,0,Fast
61,93,73,3.4,7.1,0,Average
66,62,74,2.2,9.2,0,Average
55,66,68,0.9,6.4,0,Slow
42,48,71,3.2,9.8,0,Average
84,74,100,3.6,9.6,0,Fast
78,70,54,3.6,8.4,1,Fast
92,77,75,4.9,5.7,1,Average
37,57,75,5.2,4.8,0,Slow
36,86,92,3.3,9.1,1,Slow
78,47,78,3.4,5.0,0,Average
36,73,79,4.4,9.1,1,Slow
69,76,44,4.1,6.9,0,Average
64,75,53,2.8,6.4,0,Average
42,77,46,4.5,9.4,1,Average
56,86,20,3.3,7.6,0,Average
78,94,77,3.3,7.5,1,Average
92,72,64,4.2,7.4,0,Fast
70,60,77,3.0,6.2,0,Average
65,83,70,3.6,8.7,0,Average
81,70,74,3.9,5.5,0,Average
89,93,96,4.7,9.6,1,Fast
96,65,70,4.6,9.4,0,Fast
64,62,83,3.9,6.0,1,Average
89,77,63,0.5,8.4,1,Fast
50,48,86,3.9,7.4,0,Slow
46,67,45,4.1,6.0,0,Slow
51,70,33,4.4,9.9,1,Average
50,78,100,2.1,4.2,1,Slow
46,60,100,0.5,5.5,0,Slow
42,61,31,4.7,7.1,1,Slow
37,92,69,1.7,7.1,1,Slow
50,74,72,5.3,7.5,1,Average
64,87,84,2.6,8.5,0,Average
57,66,100,2.0,7.7,1,Average
39,74,48,4.0,7.6,1,Slow
99,78,49,4.4,4.3,1,Average
64,100,69,4.3,6.3,1,Average
55,71,50,4.3,5.4,0,Slow
56,72,20,2.4,5.6,0,Slow
66,91,65,1.2,7.3,1,Average
67,69,87,2.9,5.2,1,Average
50,79,69,1.8,5.8,1,Slow
72,90,82,4.1,5.4,0,Average
48,66,79,4.8,9.7,0,Average
70,80,49,3.8,9.7,1,Fast
57,100,71,3.5,7.7,1,Average
36,88,39,3.0,9.5,0,Slow
99,79,59,5.0,8.7,1,Fast
86,71,71,0.8,7.5,1,Fast
96,65,69,1.7,4.0,0,Average
57,60,44,6.2,8.6,0,Average
60,97,48,1.6,8.2,0,Average
89,94,75,4.3,7.7,0,Fast
40,65,86,4.6,8.6,0,Slow
69,80,65,0.6,7.1,1,Average
56,76,64,0.9,8.2,0,Average
77,92,88,5.4,9.6,0,Fast
49,80,54,2.0,6.3,0,Slow
94,74,100,2.1,8.2,0,Fast
46,66,43,2.7,6.9,0,Slow
83,80,90,2.0,8.0,0,Fast
76,69,80,4.3,8.6,1,Average
72,78,100,1.7,4.3,0,Average
79,73,47,0.6,7.9,1,Average
69,69,23,5.2,5.4,1,Average
64,60,94,1.8,8.0,0,Average
64,82,40,2.4,6.8,0,Average
40,75,82,4.7,8.6,1,Slow
41,100,93,3.6,4.7,1,Slow
86,59,77,5.2,7.8,1,Fast
48,84,74,4.8,5.7,0,Slow
49,73,78,2.8,9.1,1,Average
55,100,86,5.0,9.6,0,Average
69,83,81,3.8,10.0,0,Fast
36,79,45,2.6,8.8,1,Slow
69,73,100,3.9,8.5,0,Average
54,64,71,1.5,5.3,0,Slow
44,79,80,4.8,6.0,1,Slow
59,54,84,4.6,6.8,1,Average
59,54,93,3.7,8.6,0,Average
88,90,91,0.6,9.5,1,Fast
67,48,72,5.2,5.1,0,Average
70,70,71,4.2,9.5,1,Fast
48,59,78,3.5,8.2,1,Average
99,68,92,3.2,7.7,1,Fast
88,77,47,2.7,5.2,1,Average
86,89,82,3.0,4.3,0,Average
37,93,52,4.7,7.4,1,Slow
75,61,100,2.7,7.9,0,Average
40,68,77,3.1,5.3,0,Slow
59,100,61,3.3,7.3,1,Average
47,71,78,3.3,9.1,1,Average
42,61,70,2.6,9.0,1,Average
55,64,66,3.2,9.6,1,Average
59,71,33,4.0,6.2,1,Average
79,69,49,2.1,5.9,0,Average
94,71,67,3.3,8.5,1,Fast
46,74,36,6.4,6.6,0,Slow
66,74,58,3.4,4.5,0,Slow
47,60,60,2.1,5.7,0,Slow
65,80,54,1.9,6.5,0,Average
54,76,85,1.6,5.8,1,Slow
52,82,52,5.9,6.0,1,Slow
94,49,71,5.0,5.8,0,Average
97,77,62,1.6,4.2,0,Average
40,45,67,3.8,7.8,1,Slow
66,72,100,5.3,7.6,0,Average
77,84,73,3.4,7.9,1,Average
36,90,77,2.8,5.2,0,Slow
94,80,54,6.9,5.8,1,Average
57,85,82,0.6,7.7,0,Average
65,70,81,7.4,7.6,0,Average
39,67,79,3.6,7.0,0,Slow
68,100,45,5.4,6.1,1,Average
44,87,58,1.7,9.5,1,Average
36,57,98,2.4,6.0,1,Slow
45,48,56,1.9,6.7,0,Slow
84,68,100,3.3,8.1,0,Fast
65,92,59,4.0,7.3,0,Average
90,75,72,5.1,6.1,0,Average
43,41,66,0.9,6.6,0,Slow
55,72,53,3.7,8.8,0,Average
62,74,53,4.8,5.7,1,Slow
96,38,55,5.1,4.9,1,Average
41,75,72,2.8,5.9,1,Slow
50,59,87,2.9,9.1,0,Average
38,47,71,3.4,4.5,1,Slow
38,99,69,3.8,10.0,0,Average
74,59,94,5.5,7.2,0,Average
51,64,70,1.7,9.9,1,Average
86,64,59,2.3,9.6,0,Fast
86,75,50,1.5,6.7,0,Average
70,100,95,4.1,5.2,0,Average
72,57,63,5.2,5.0,0,Average
84,70,58,1.4,5.4,0,Average
97,76,56,3.6,8.3,1,Fast
97,61,94,5.0,5.6,1,Fast
96,70,58,4.7,6.0,0,Fast
41,83,89,4.7,6.7,0,Slow
61,63,65,1.7,9.5,1,Average
48,69,45,4.7,5.1,1,Slow
39,68,63,3.2,4.0,1,Slow
89,73,69,5.1,4.4,0,Average
36,78,67,4.2,9.4,1,Slow
96,83,67,2.3,7.9,1,Fast
55,100,63,3.9,5.6,0,Slow
55,35,54,4.7,5.1,0,Slow
44,72,70,2.7,5.8,1,Slow
92,54,80,3.7,4.7,0,Average
73,69,40,1.5,9.6,1,Fast
39,88,95,4.3,8.7,1,Slow
99,92,20,3.4,6.8,0,Fast
47,93,71,4.9,9.2,0,Average
87,93,79,4.3,5.5,1,Average
79,72,57,2.9,8.3,0,Fast
66,95,27,2.2,9.1,0,Average
70,98,68,1.9,6.1,0,Average
94,77,73,2.7,8.5,0,Fast
45,92,47,4.8,5.8,0,Slow
97,75,53,0.9,5.8,0,Fast
55,96,89,1.9,4.6,0,Slow
86,72,72,4.8,6.6,1,Average
89,65,39,5.5,8.4,0,Fast
60,58,78,2.0,9.6,1,Average
68,72,51,1.9,7.6,0,Average
86,76,54,5.6,9.2,1,Fast
86,60,73,3.3,8.9,0,Fast
63,71,72,2.2,5.0,1,Slow
72,67,61,5.1,6.9,0,Average
76,58,59,4.3,4.7,1,Average
55,90,64,4.6,8.1,0,Average
76,93,54,2.2,9.7,0,Fast
47,90,91,4.1,4.8,1,Slow
98,73,38,5.4,8.4,1,Fast
51,74,65,4.5,7.8,0,Average
43,59,40,4.9,7.5,1,Slow
75,81,88,5.6,6.3,1,Average
35,77,65,4.1,6.1,0,Slow
36,100,48,2.7,4.3,1,Slow
94,91,83,4.8,5.3,0,Average
82,79,24,1.8,4.1,1,Average
63,74,75,3.2,7.5,0,Average
44,90,93,4.4,4.6,1,Slow
92,61,73,0.5,9.2,0,Fast
94,92,59,3.9,7.1,0,Fast
55,58,45,3.9,8.2,1,Average
62,66,91,1.8,6.5,1,Average
68,47,88,4.0,7.4,0,Average
42,84,57,3.8,9.7,0,Average
93,78,57,3.6,4.5,1,Average
83,66,93,5.3,5.5,1,Average
51,61,80,4.8,8.7,1,Average
94,95,34,4.5,4.6,1,Average
79,72,66,2.0,4.5,1,Average
66,63,65,3.5,6.2,1,Average
78,100,74,5.3,4.6,0,Average
99,65,70,3.2,7.5,1,Fast
42,92,59,5.8,5.4,1,Slow
77,57,73,4.5,9.4,1,Fast
35,69,61,6.1,8.7,1,Slow
85,82,100,1.9,8.2,0,Fast
58,74,72,3.3,7.7,0,Average
58,78,69,3.4,9.2,0,Average
51,66,100,4.4,5.3,0,Slow
39,51,42,2.4,9.2,1,Average
54,96,67,1.1,8.7,0,Average
55,67,51,4.1,8.5,1,Average
92,79,82,3.0,7.4,1,Fast
65,85,60,2.8,5.5,0,Average
45,79,81,2.5,6.5,0,Slow
86,64,80,3.7,8.8,1,Fast
49,92,85,1.9,4.2,0,Slow
41,82,80,3.2,8.7,0,Slow
62,77,65,2.3,5.4,1,Slow
85,77,42,2.6,4.9,1,Average
92,100,90,4.0,4.7,1,Average
39,64,98,4.5,4.2,1,Slow
39,81,51,3.0,7.1,1,Slow
42,67,84,5.0,5.3,0,Slow
98,45,46,2.0,9.9,1,Fast
44,45,74,1.2,7.4,1,Slow
72,59,78,1.5,4.8,1,Average
42,65,61,1.9,8.1,0,Slow
59,100,71,1.5,9.4,1,Average
84,85,86,6.5,8.5,1,Fast
83,86,67,1.2,4.5,0,Average
70,65,56,4.9,9.4,1,Average
75,75,45,3.5,8.8,1,Fast
96,100,62,3.8,4.9,1,Average
44,56,46,2.1,4.3,0,Slow
55,81,62,4.0,7.3,0,Average
70,99,60,2.1,4.9,1,Average
46,89,86,4.9,9.0,1,Average
36,100,71,5.0,6.2,1,Slow
47,78,100,3.3,9.5,0,Average
87,84,29,3.4,7.4,0,Fast
66,76,76,4.1,5.1,0,Slow
50,83,60,4.1,4.8,0,Slow
66,61,50,5.0,7.5,0,Average
66,86,69,5.0,8.6,0,Average
45,79,67,3.5,8.7,1,Average
44,75,91,2.8,5.7,0,Slow
49,100,71,4.7,5.2,1,Slow
51,71,56,3.3,4.1,0,Slow
74,93,76,3.7,8.1,1,Average
52,94,65,4.3,4.5,0,Slow
89,87,47,5.0,6.5,1,Average
59,60,65,3.9,7.6,1,Average
93,80,74,2.6,9.6,1,Fast
56,100,71,6.2,5.9,0,Slow
64,47,76,5.8,5.5,0,Average
78,72,59,2.0,7.9,0,Average
66,92,76,2.1,7.7,1,Average
85,73,72,2.3,6.0,1,Average
80,87,72,4.8,9.6,1,Fast
55,96,70,6.3,9.1,0,Average
66,78,100,2.7,5.3,0,Average
73,82,92,3.8,5.4,1,Average
46,76,75,2.4,7.1,0,Slow
81,79,53,6.1,8.6,0,Fast
52,100,64,4.7,4.3,0,Slow
55,74,100,2.3,8.2,0,Average
47,69,58,0.5,7.9,1,Slow
55,90,66,5.1,5.4,0,Slow
42,62,65,2.6,8.1,0,Slow
80,65,77,4.8,9.6,1,Fast
41,65,61,3.9,4.3,1,Slow
57,71,73,0.7,5.9,0,Slow
56,71,61,2.3,6.6,0,Average
56,85,96,3.0,9.4,0,Average
63,69,56,2.5,9.8,0,Average
47,86,89,3.7,6.7,1,Slow
36,87,58,4.1,8.5,1,Slow
63,65,52,6.2,7.2,1,Average
86,87,55,4.2,7.2,0,Fast
61,89,35,5.7,5.7,0,Slow
84,48,78,2.8,5.3,1,Average
57,79,46,5.2,5.7,0,Slow
78,67,62,2.9,7.3,1,Average
56,94,85,2.1,4.2,1,Slow
77,67,84,2.1,9.4,1,Fast
71,54,41,0.5,4.9,1,Average
95,74,76,4.8,5.3,1,Average
90,61,92,1.6,7.1,1,Fast
37,87,57,5.6,8.3,1,Slow
97,62,80,3.2,4.6,0,Average
53,74,47,1.2,5.9,1,Slow
57,98,77,1.8,9.8,1,Average
63,91,72,3.8,5.6,0,Average
64,82,83,0.7,5.9,1,Average
73,73,81,4.4,9.0,0,Average
59,80,42,1.2,4.3,1,Slow
42,85,72,2.4,6.8,0,Slow
92,60,99,3.8,6.3,0,Fast
50,87,26,4.2,5.9,0,Slow
35,58,89,4.7,5.7,1,Slow
39,83,100,1.5,4.5,0,Slow
37,58,40,3.0,5.9,1,Slow
99,100,56,5.1,4.3,1,Average
38,86,80,3.0,8.7,1,Slow
98,51,52,3.9,6.4,1,Fast
44,74,97,3.7,6.7,1,Slow
55,67,91,5.5,9.4,1,Average
80,65,42,2.8,7.9,1,Average
61,77,55,1.4,4.0,0,Slow
75,61,85,2.0,9.7,1,Fast
47,86,84,3.8,5.4,1,Slow
43,85,100,1.1,4.6,0,Slow
70,80,52,2.7,8.6,1,Average
92,74,99,3.6,7.0,0,Fast
88,84,51,2.4,6.6,0,Average
46,86,80,4.0,5.5,1,Slow
48,81,87,4.6,7.3,1,Slow
68,55,20,4.2,5.6,0,Average
87,63,88,1.2,9.4,1,Fast
54,70,97,3.6,5.3,0,Slow
50,52,91,3.7,9.3,0,Average
90,78,100,2.9,7.4,1,Fast
92,96,89,4.0,9.0,0,Fast
38,93,59,3.9,8.3,1,Slow
38,86,94,3.4,8.2,1,Slow
54,85,58,2.0,5.9,0,Slow
44,100,71,3.5,5.4,0,Slow
58,87,86,6.3,5.3,1,Slow
60,88,78,2.9,9.1,1,Average
71,53,97,5.1,8.9,1,Average
88,94,100,3.6,6.6,0,Average
55,80,47,2.3,4.8,1,Slow
72,73,63,3.1,6.3,0,Average
